{"NEUTRAL": {"g": [-0.1513409710847671, -0.10546320545485267, -0.9828394694792774], "gi": [54.02742552330473, -65.53739379698577, 35.273393155782706]}, "HARMONY": {"g": [-0.7583051569507133, 0.0038168516159057995, -0.6518885798859312], "gi": [40.4052250765163, -99.5683883963229, 34.95212707235511]}, "HUSH": {"g": [0.7329890699029812, -0.21667041665497597, -0.6448107892624949], "gi": [54.07874389005487, -13.227888468546388, 47.119843742945534]}, "RUNS": {"g": [-0.024139791970121775, -0.01038990512761277, -0.9996546005071344], "gi": [48.40130054513672, -53.72865869635026, -15.21236603685439]}, "ARPEGGIO": {"g": [-0.2205530258103049, 0.2296756782170251, -0.9479480184279454], "gi": [53.33787655997882, -78.86513727650701, 79.8965083749465]}}